{"NA": {"today_value": 113.76, "today_change": 0.2997707635337713}, "SU": {"today_value": 53.01, "today_change": 1.3769363166953508}, "BCE": {"today_value": 45.04, "today_change": -0.7054673721340394}, "IMO": {"today_value": 99.54, "today_change": 1.3232899022801419}}