{"NA": {"today_value": 113.76, "today_change": 0.2997707635337713}, "SU": {"today_value": 53.72, "today_change": -0.11156563778356689}, "BCE": {"today_value": 45.19, "today_change": 0.6234691605433115}, "IMO": {"today_value": 101.4, "today_change": -0.22631112860374866}}